<addon id="plugin.video.umbrella" name="Umbrella" provider-name="Umbrella" version="6.6.06">
	<requires>
		<import addon="xbmc.python" version="3.0.0"/>
		<import addon="context.umbrella" version="1.2.8"/>
		<import addon="script.module.cocoscrapers" version="1.0.7"/>
		<import addon="script.module.requests"/>
		<import addon="script.module.beautifulsoup4"/>
		<import addon="script.module.metahandler" version="5.0.0" optional="true"/>
		<import addon="plugin.video.youtube" optional="true"/>
	</requires>
	<extension point="xbmc.python.pluginsource" library="umbrella.py">
		<provides>video</provides>
	</extension>
	<extension point="xbmc.service" library="service.py" start="startup"/>
	<extension point="xbmc.python.module" library="resources/lib/"/>
	<extension point="xbmc.addon.metadata">
		<reuselanguageinvoker>false</reuselanguageinvoker>
		<summary lang="en">[B]Umbrella[/B] - We do not host any of the contents streamed</summary>
		<description lang="en">[B]Umbrella[/B][CR] This addon does not form part of the Kodi Media Centre. Please do not seek assistance with this addon from any of the Official Kodi Support Channels.[CR]The author does not host any of the content in this addon and takes no responsibility for content found. We do not know anything about a lab under Raccoon City.</description>
		<platform>all</platform>
		<license>GNU GENERAL PUBLIC LICENSE. Version 3, 29 June 2007</license>
		<forum/>
		<website>https://umbrellaplug.github.io</website>
		<source>https://raw.githubusercontent.com/umbrellaplug/umbrellaplug.github.io/</source>
		<disclaimer lang="en">The author of this addon does not host any of the content which is found and have no affiliation with any of the content providers. This addon simply searches websites for content. Use at your own risk!</disclaimer>
		<assets>
			<icon>icon.png</icon>
			<fanart>fanart.jpg</fanart>
			<screenshot>resources/screenshots/screenshot001.jpg</screenshot>
			<screenshot>resources/screenshots/screenshot002.jpg</screenshot>
			<screenshot>resources/screenshots/screenshot003.jpg</screenshot>
		</assets>
		<news>
[B][COLOR black]Update - v6.6.06 - Jan 9th, 2023[/COLOR][/B]
--[FIX][I] Enable Disable Toggle Added for Plex, Furk, FilePursuit, and GDrive[/I]
--[ENHANCEMENT][I] Settings changes due to exceeding max amount of settings allowed in a category.[/I]
--[ENHANCEMENT][I] Addon has too many settings. A change in settings is overdue.[/I]
--[ENHANCEMENT][I] Added sliders to control number of hours things are cached.[/I]
--[ENHANCEMENT][I] Added icon packs and ability to load from web.[/I]
--[ENHANCEMENT][I] Context Menu version bump for highlight text color.[/I]
--[ENHANCEMENT][I] Added swipe left to cancel/ back gesture for touchscreens.[/I]
--[ENHANCEMENT][I] Added option to show back button on source select for touchscreens.[/I]
--[ENHANCEMENT][I] New Trakt Trending (Recently Released) list added.[/I]
--[ICONPACKS][I] Multiple Icon Packs added from Goldenfreddy0703.[/I]
--[ICONPACKS][I] If you want to the new icon packs they can be added in settings.[/I]s
		</news>
	</extension>
</addon>