<?xml version="1.0" encoding="UTF-8" standalone="yes"?>
<addon id="repository.umbrellatest" name="Umbrella Test Repository" version="1.0.0" provider-name="Umbrella">
    <extension point="xbmc.addon.repository" name="Umbrella Repository">
        <dir minversion="19.0.0">
            <info compressed="false">https://raw.githubusercontent.com/umbrellaplug/umbrellatest.github.io/master/matrix/zips/addons.xml</info>
            <checksum>https://raw.githubusercontent.com/umbrellaplug/umbrellatest.github.io/master/matrix/zips/addons.xml.md5</checksum>
            <datadir zip="true">https://raw.githubusercontent.com/umbrellaplug/umbrellatest.github.io/master/matrix/zips/</datadir>
        </dir>
        <dir>
            <info compressed="false">https://raw.githubusercontent.com/CocoJoe2411/repository.cocoscrapers/master/zips/addons.xml</info>
            <checksum>https://raw.githubusercontent.com/CocoJoe2411/repository.cocoscrapers/master/zips/addons.xml.md5</checksum>
            <datadir zip="true">https://raw.githubusercontent.com/CocoJoe2411/repository.cocoscrapers/master/zips/</datadir>
        </dir>
    </extension>
    <extension point="xbmc.addon.metadata">
        <summary>Umbrella Test Repository</summary>
        <description>Test repository for the Umbrella video plugin.</description>
        <disclaimer></disclaimer>
        <platform>all</platform>
        <assets>
            <icon>icon.png</icon>
            <fanart>fanart.jpg</fanart>
        </assets>
    </extension>
</addon>