<?xml version="1.0" encoding="UTF-8" standalone="yes"?>
<addon id="repository.umbrellatest" name="Umbrella Test Repository" version="1.0.2" provider-name="Umbrella">
    <extension point="xbmc.addon.repository" name="Umbrella Repository">
        <dir minversion="19.0.0" maxversion="19.5.0">
            <info compressed="false">https://raw.githubusercontent.com/umbrellaplug/umbrellatest/master/matrix/zips/addons.xml</info>
            <checksum>https://raw.githubusercontent.com/umbrellaplug/umbrellatest/master/matrix/zips/addons.xml.md5</checksum>
            <datadir zip="true">https://raw.githubusercontent.com/umbrellaplug/umbrellatest/master/matrix/zips/</datadir>
        </dir>
		<dir minversion="19.8.0" maxversion="20.89.0">
            <info compressed="false">https://raw.githubusercontent.com/umbrellaplug/umbrellatest/master/nexus/zips/addons.xml</info>
            <checksum>https://raw.githubusercontent.com/umbrellaplug/umbrellatest/master/nexus/zips/addons.xml.md5</checksum>
            <datadir zip="true">https://raw.githubusercontent.com/umbrellaplug/umbrellatest/master/nexus/zips/</datadir>
        </dir>
		<dir minversion="20.90.0">
            <info compressed="false">https://raw.githubusercontent.com/umbrellaplug/umbrellatest/master/omega/zips/addons.xml</info>
            <checksum>https://raw.githubusercontent.com/umbrellaplug/umbrellatest/master/omega/zips/addons.xml.md5</checksum>
            <datadir zip="true">https://raw.githubusercontent.com/umbrellaplug/umbrellatest/master/omega/zips/</datadir>
        </dir>
    </extension>
    <extension point="xbmc.addon.metadata">
        <summary>Umbrella Test Repository</summary>
        <description>Test repository for the Umbrella video plugin.</description>
        <disclaimer></disclaimer>
        <platform>all</platform>
        <assets>
            <icon>icon.png</icon>
            <fanart>fanart.jpg</fanart>
        </assets>
    </extension>
</addon>