<?xml version="1.0" encoding="UTF-8"?>
<window type="dialog" id="1107">
	<defaultcontrol>9000</defaultcontrol>
	<include>Animation_DialogPopupOpenClose</include>
	<controls>
		<control type="group">
			<centerleft>50%</centerleft>
			<width>600</width>
			<centertop>60%</centertop>
			<height>700</height>
			<include content="DialogBackgroundCommons">
				<param name="width" value="600" />
				<param name="height" value="485" />
				<param name="header_label" value="$LOCALIZE[137] [COLOR accent_color][B]($VAR[CurrentSearchProviderVar])[/B][/COLOR]" />
				<param name="header_id" value="" />
				<param name="diffusetexture" value="masks/dialog-bg-squareish.png" />
			</include>
			<control type="panel" id="9000">
				<include>ButtonMenuList</include>
				<content>
					<item>
						<label>Movies</label>
						<onclick>Dialog.Close(all)</onclick>
						<onclick condition="String.IsEqual(Skin.String(current_search_provider),0)">ActivateWindow(Videos,"plugin://plugin.video.fen/?mode=history.search&amp;action=movie",return)</onclick>
						<onclick condition="String.IsEqual(Skin.String(current_search_provider),1)">ActivateWindow(Videos,"plugin://plugin.video.fenlight/?action=movie&amp;mode=navigator.search_history&amp;name=Movies",return)</onclick>
						<onclick condition="String.IsEqual(Skin.String(current_search_provider),2)">ActivateWindow(Videos,"plugin://plugin.video.umbrella/?action=movieSearch",return)</onclick>
					</item>
					<item>
						<label>TV Shows</label>
						<onclick>Dialog.Close(all)</onclick>
						<onclick condition="String.IsEqual(Skin.String(current_search_provider),0)">ActivateWindow(Videos,"plugin://plugin.video.fen/?mode=history.search&amp;action=tvshow",return)</onclick>
						<onclick condition="String.IsEqual(Skin.String(current_search_provider),1)">ActivateWindow(Videos,"plugin://plugin.video.fenlight/?action=tvshow&amp;mode=navigator.search_history&amp;name=TV%20Shows",return)</onclick>
						<onclick condition="String.IsEqual(Skin.String(current_search_provider),2)">ActivateWindow(Videos,"plugin://plugin.video.umbrella/?action=tvSearch",return)</onclick>
					</item>
					<item>
						<label>Movie Collections</label>
						<onclick>Dialog.Close(all)</onclick>
						<onclick condition="String.IsEqual(Skin.String(current_search_provider),0)">ActivateWindow(Videos,"plugin://plugin.video.fen/?mode=history.search&amp;action=tmdb_movie_sets",return)</onclick>
						<visible>String.IsEqual(Skin.String(current_search_provider),0)</visible>
					</item>
					<item>
						<label>Actors/Actresses</label>
						<onclick>Dialog.Close(all)</onclick>
						<onclick condition="String.IsEqual(Skin.String(current_search_provider),0)">ActivateWindow(Videos,"plugin://plugin.video.fen/?mode=history.search&amp;action=people",return)</onclick>
						<onclick condition="String.IsEqual(Skin.String(current_search_provider),1)">ActivateWindow(Videos,"plugin://plugin.video.fenlight/?action=people&amp;mode=navigator.search_history&amp;name=People",return)</onclick>
						<visible>String.IsEqual(Skin.String(current_search_provider),0) | String.IsEqual(Skin.String(current_search_provider),1)</visible>
					</item>
					<!-- <item>
						<label>Actors/Actresses (Movies)</label>
						<onclick>Dialog.Close(all)</onclick>
						<onclick condition="String.IsEqual(Skin.String(current_search_provider),2)">ActivateWindow(Videos,"plugin://plugin.video.umbrella/?action=tools_search",return)</onclick>
						<visible>String.IsEqual(Skin.String(current_search_provider),2)</visible>
					</item>
					<item>
						<label>Actors/Actresses (TV Shows)</label>
						<onclick>Dialog.Close(all)</onclick>
						<onclick condition="String.IsEqual(Skin.String(current_search_provider),2)">ActivateWindow(Videos,"plugin://plugin.video.umbrella/?action=tools_search",return)</onclick>
						<visible>String.IsEqual(Skin.String(current_search_provider),2)</visible>
					</item> -->
					<item>
						<label>$VAR[KeywordMoviesLabelVar]</label>
						<onclick>Dialog.Close(all)</onclick>
						<onclick condition="String.IsEqual(Skin.String(current_search_provider),0)">ActivateWindow(Videos,"plugin://plugin.video.fen/?mode=history.search&amp;action=imdb_keyword_movie",return)</onclick>
						<onclick condition="String.IsEqual(Skin.String(current_search_provider),1)">ActivateWindow(Videos,"plugin://plugin.video.fenlight/?action=tmdb_keyword_movie&amp;mode=navigator.search_history&amp;name=Keywords%20(Movies)",return)</onclick>
						<visible>String.IsEqual(Skin.String(current_search_provider),0) | String.IsEqual(Skin.String(current_search_provider),1)</visible>
					</item>
					<item>
						<label>$VAR[KeywordTVShowsLabelVar]</label>
						<onclick>Dialog.Close(all)</onclick>
						<onclick condition="String.IsEqual(Skin.String(current_search_provider),0)">ActivateWindow(Videos,"plugin://plugin.video.fen/?mode=history.search&amp;action=imdb_keyword_tvshow",return)</onclick>
						<onclick condition="String.IsEqual(Skin.String(current_search_provider),1)">ActivateWindow(Videos,"plugin://plugin.video.fenlight/?action=tmdb_keyword_tvshow&amp;mode=navigator.search_history&amp;name=Keywords%20(TV%20Shows)",return)</onclick>
						<visible>String.IsEqual(Skin.String(current_search_provider),0) | String.IsEqual(Skin.String(current_search_provider),1)</visible>
					</item>
					<item>
						<label>Addons</label>
						<onclick>Dialog.Close(all)</onclick>
						<onclick>ActivateWindow(addonbrowser,addons://search/,return)</onclick>
					</item>
					<item>
						<label>YouTube</label>
						<onclick>Dialog.Close(all)</onclick>
						<onclick condition="System.AddonIsEnabled(plugin.video.youtube)">
							ActivateWindow(videos,"plugin://plugin.video.youtube/kodion/search/list/",return)</onclick>
						<onclick
							condition="System.HasAddon(plugin.video.youtube) + !System.AddonIsEnabled(plugin.video.youtube)">
							EnableAddon(plugin.video.youtube)</onclick>
						<onclick condition="!System.HasAddon(plugin.video.youtube)">
							InstallAddon(plugin.video.youtube)</onclick>
					</item>
				</content>
			</control>
			<include content="UpDownArrows">
				<param name="container_id" value="9000" />
				<param name="posx" value="276" />
				<param name="up_posy" value="-40" />
				<param name="down_posy" value="500" />
			</include>
		</control>
	</controls>
</window>