<?xml version="1.0" encoding="UTF-8"?>
<window>
    <controls>
        <control type="group">
            <control type="image">
                <description>background</description>
                <left>0</left>
                <top>0</top>
                <width>1920</width>
                <height>1080</height>
                <texture>common/black.png</texture>
            </control>
            <control type="image">
                <left>0</left>
                <top>0</top>
                <width>1920</width>
                <height>1080</height>
                <texture background="true">$INFO[Window.Property(umbrella.fanart)]</texture>
                <visible>String.IsEqual(Window().Property(umbrella.fanartBG),1)</visible>
                <animation effect="fade" start="100" end="20" time="0" tween="sine" easing="in">WindowOpen</animation>
            </control>
        </control>
        <control type="group">
             <animation type="WindowOpen" reversible="false">
                <effect type="fade" start="0" end="80" time="200" tween="sine" easing="in" />
                <effect type="slide" start="0,-360" end="0" time="200" center="auto" tween="cubic" easing="in" />
            </animation>
            <control type="label" id="204">
                <width>280</width>
                <height>20</height>
                <top>20</top>
                <right>10</right>
                <label>$ADDON[plugin.video.umbrella 40337]</label>
                <animation effect="fade" start="100" end="70" time="0" tween="sine" easing="in">WindowOpen</animation>
            </control>
            <control type="image" id="203">
                <animation effect="fade" start="0" end="100" time="200">WindowOpen</animation>
                <width>800</width>
                <height>310</height>
                <top>0</top>
                <centerleft>50%</centerleft>
                <texture background="true">$INFO[Window.Property(umbrella.clearlogo)]</texture>
            </control>
            <control type="textbox" id="2001">
                <centertop>70%</centertop>
                <centerleft>50%</centerleft>
                <width>800</width>
                <height>300</height>
                <font>font12</font>
                <align>center</align>
                <textcolor>FFB7B4BB</textcolor>
            </control>
        </control>
        <control type="group">
            <animation type="WindowOpen" reversible="false">
                <effect type="fade" start="0" end="80" time="200" tween="sine" easing="in" />
                <effect type="slide" start="0,-360" end="0" time="200" center="auto" tween="cubic" easing="in" />
            </animation>
            <control type="image" id="2021">
                <width>120</width>
                <height>120</height>
                <centertop>50%</centertop>
                <centerleft>50%</centerleft>
                <texture>common/umb1.png</texture>
                <animation effect="fade" start="0" end="70" time="0" tween="sine" easing="in">WindowOpen</animation>
                <visible>Integer.IsGreaterOrEqual(Window().Property(percent),01)+Integer.IsLess(Window().Property(percent),09)</visible>
            </control>
            <control type="image" id="2031">
                <width>120</width>
                <height>120</height>
                <centertop>50%</centertop>
                <centerleft>50%</centerleft>
                <texture>common/umb2.png</texture>
                <animation effect="fade" start="0" end="70" time="0" tween="sine" easing="in">WindowOpen</animation>
                <visible>Integer.IsGreaterOrEqual(Window().Property(percent),02)+Integer.IsLess(Window().Property(percent),09)</visible>
            </control>
            <control type="image" id="2041">
                <width>120</width>
                <height>120</height>
                <centertop>50%</centertop>
                <centerleft>50%</centerleft>
                <texture>common/umb3.png</texture>
                <animation effect="fade" start="0" end="70" time="0" tween="sine" easing="in">WindowOpen</animation>
                <visible>Integer.IsGreaterOrEqual(Window().Property(percent),03)+Integer.IsLess(Window().Property(percent),09)</visible>
            </control>
            <control type="image" id="2051">
                <width>120</width>
                <height>120</height>
                <centertop>50%</centertop>
                <centerleft>50%</centerleft>
                <texture>common/umb4.png</texture>
                <animation effect="fade" start="0" end="70" time="0" tween="sine" easing="in">WindowOpen</animation>
                <visible>Integer.IsGreaterOrEqual(Window().Property(percent),04)+Integer.IsLess(Window().Property(percent),09)</visible>
            </control>
            <control type="image" id="2061">
                <width>120</width>
                <height>120</height>
                <centertop>50%</centertop>
                <centerleft>50%</centerleft>
                <texture>common/umb5.png</texture>
                <animation effect="fade" start="0" end="70" time="0" tween="sine" easing="in">WindowOpen</animation>
                <visible>Integer.IsGreaterOrEqual(Window().Property(percent),05)+Integer.IsLess(Window().Property(percent),09)</visible>
            </control>
            <control type="image" id="2071">
                <width>120</width>
                <height>120</height>
                <centertop>50%</centertop>
                <centerleft>50%</centerleft>
                <texture>common/umb6.png</texture>
                <animation effect="fade" start="0" end="70" time="0" tween="sine" easing="in">WindowOpen</animation>
                <visible>Integer.IsGreaterOrEqual(Window().Property(percent),06)+Integer.IsLess(Window().Property(percent),09)</visible>
            </control>
            <control type="image" id="2081">
                <width>120</width>
                <height>120</height>
                <centertop>50%</centertop>
                <centerleft>50%</centerleft>
                <texture>common/umb7.png</texture>
                <animation effect="fade" start="0" end="70" time="0" tween="sine" easing="in">WindowOpen</animation>
                <visible>Integer.IsGreaterOrEqual(Window().Property(percent),07)+Integer.IsLess(Window().Property(percent),09)</visible>
            </control>
            <control type="image" id="2091">
                <width>120</width>
                <height>120</height>
                <centertop>50%</centertop>
                <centerleft>50%</centerleft>
                <texture>common/umb8.png</texture>
                <animation effect="fade" start="0" end="70" time="0" tween="sine" easing="in">WindowOpen</animation>
                <visible>Integer.IsGreaterOrEqual(Window().Property(percent),08)+Integer.IsLess(Window().Property(percent),09)</visible>
            </control>
            <control type="image" id="210">
                <width>120</width>
                <height>120</height>
                <centertop>50%</centertop>
                <centerleft>50%</centerleft>
                <texture>common/umb1.png</texture>
                <animation effect="fade" start="0" end="70" time="0" tween="sine" easing="in">WindowOpen</animation>
                <visible>Integer.IsGreaterOrEqual(Window().Property(percent),09)+Integer.IsLess(Window().Property(percent),17)</visible>
            </control>
            <control type="image" id="211">
                <width>120</width>
                <height>120</height>
                <centertop>50%</centertop>
                <centerleft>50%</centerleft>
                <texture>common/umb2.png</texture>
                <animation effect="fade" start="0" end="70" time="0" tween="sine" easing="in">WindowOpen</animation>
                <visible>Integer.IsGreaterOrEqual(Window().Property(percent),10)+Integer.IsLess(Window().Property(percent),17)</visible>
            </control>
            <control type="image" id="212">
                <width>120</width>
                <height>120</height>
                <centertop>50%</centertop>
                <centerleft>50%</centerleft>
                <texture>common/umb3.png</texture>
                <animation effect="fade" start="0" end="70" time="0" tween="sine" easing="in">WindowOpen</animation>
                <visible>Integer.IsGreaterOrEqual(Window().Property(percent),11)+Integer.IsLess(Window().Property(percent),17)</visible>
            </control>
            <control type="image" id="213">
                <width>120</width>
                <height>120</height>
                <centertop>50%</centertop>
                <centerleft>50%</centerleft>
                <texture>common/umb4.png</texture>
                <animation effect="fade" start="0" end="70" time="0" tween="sine" easing="in">WindowOpen</animation>
                <visible>Integer.IsGreaterOrEqual(Window().Property(percent),12)+Integer.IsLess(Window().Property(percent),17)</visible>
            </control>
            <control type="image" id="214">
                <width>120</width>
                <height>120</height>
                <centertop>50%</centertop>
                <centerleft>50%</centerleft>
                <texture>common/umb5.png</texture>
                <animation effect="fade" start="0" end="70" time="0" tween="sine" easing="in">WindowOpen</animation>
                <visible>Integer.IsGreaterOrEqual(Window().Property(percent),13)+Integer.IsLess(Window().Property(percent),17)</visible>
            </control>
            <control type="image" id="215">
                <width>120</width>
                <height>120</height>
                <centertop>50%</centertop>
                <centerleft>50%</centerleft>
                <texture>common/umb6.png</texture>
                <animation effect="fade" start="0" end="70" time="0" tween="sine" easing="in">WindowOpen</animation>
                <visible>Integer.IsGreaterOrEqual(Window().Property(percent),14)+Integer.IsLess(Window().Property(percent),17)</visible>
            </control>
            <control type="image" id="216">
                <width>120</width>
                <height>120</height>
                <centertop>50%</centertop>
                <centerleft>50%</centerleft>
                <texture>common/umb7.png</texture>
                <animation effect="fade" start="0" end="70" time="0" tween="sine" easing="in">WindowOpen</animation>
                <visible>Integer.IsGreaterOrEqual(Window().Property(percent),15)+Integer.IsLess(Window().Property(percent),17)</visible>
            </control>
            <control type="image" id="217">
                <width>120</width>
                <height>120</height>
                <centertop>50%</centertop>
                <centerleft>50%</centerleft>
                <texture>common/umb8.png</texture>
                <animation effect="fade" start="0" end="70" time="0" tween="sine" easing="in">WindowOpen</animation>
                <visible>Integer.IsGreaterOrEqual(Window().Property(percent),16)+Integer.IsLess(Window().Property(percent),17)</visible>
            </control>
            <control type="image" id="218">
                <width>120</width>
                <height>120</height>
                <centertop>50%</centertop>
                <centerleft>50%</centerleft>
                <texture>common/umb1.png</texture>
                <animation effect="fade" start="0" end="70" time="0" tween="sine" easing="in">WindowOpen</animation>
                <visible>Integer.IsGreaterOrEqual(Window().Property(percent),17)+Integer.IsLess(Window().Property(percent),25)</visible>
            </control>
            <control type="image" id="219">
                <width>120</width>
                <height>120</height>
                <centertop>50%</centertop>
                <centerleft>50%</centerleft>
                <texture>common/umb2.png</texture>
                <animation effect="fade" start="0" end="70" time="0" tween="sine" easing="in">WindowOpen</animation>
                <visible>Integer.IsGreaterOrEqual(Window().Property(percent),18)+Integer.IsLess(Window().Property(percent),25)</visible>
            </control>
            <control type="image" id="220">
                <width>120</width>
                <height>120</height>
                <centertop>50%</centertop>
                <centerleft>50%</centerleft>
                <texture>common/umb3.png</texture>
                <animation effect="fade" start="0" end="70" time="0" tween="sine" easing="in">WindowOpen</animation>
                <visible>Integer.IsGreaterOrEqual(Window().Property(percent),19)+Integer.IsLess(Window().Property(percent),25)</visible>
            </control>
            <control type="image" id="221">
                <width>120</width>
                <height>120</height>
                <centertop>50%</centertop>
                <centerleft>50%</centerleft>
                <texture>common/umb4.png</texture>
                <animation effect="fade" start="0" end="70" time="0" tween="sine" easing="in">WindowOpen</animation>
                <visible>Integer.IsGreaterOrEqual(Window().Property(percent),20)+Integer.IsLess(Window().Property(percent),25)</visible>
            </control>
            <control type="image" id="222">
                <width>120</width>
                <height>120</height>
                <centertop>50%</centertop>
                <centerleft>50%</centerleft>
                <texture>common/umb5.png</texture>
                <animation effect="fade" start="0" end="70" time="0" tween="sine" easing="in">WindowOpen</animation>
                <visible>Integer.IsGreaterOrEqual(Window().Property(percent),21)+Integer.IsLess(Window().Property(percent),25)</visible>
            </control>
            <control type="image" id="223">
                <width>120</width>
                <height>120</height>
                <centertop>50%</centertop>
                <centerleft>50%</centerleft>
                <texture>common/umb6.png</texture>
                <animation effect="fade" start="0" end="70" time="0" tween="sine" easing="in">WindowOpen</animation>
                <visible>Integer.IsGreaterOrEqual(Window().Property(percent),22)+Integer.IsLess(Window().Property(percent),25)</visible>
            </control>
            <control type="image" id="224">
                <width>120</width>
                <height>120</height>
                <centertop>50%</centertop>
                <centerleft>50%</centerleft>
                <texture>common/umb7.png</texture>
                <animation effect="fade" start="0" end="70" time="0" tween="sine" easing="in">WindowOpen</animation>
                <visible>Integer.IsGreaterOrEqual(Window().Property(percent),23)+Integer.IsLess(Window().Property(percent),25)</visible>
            </control>
            <control type="image" id="225">
                <width>120</width>
                <height>120</height>
                <centertop>50%</centertop>
                <centerleft>50%</centerleft>
                <texture>common/umb8.png</texture>
                <animation effect="fade" start="0" end="70" time="0" tween="sine" easing="in">WindowOpen</animation>
                <visible>Integer.IsGreaterOrEqual(Window().Property(percent),24)+Integer.IsLess(Window().Property(percent),25)</visible>
            </control>
            <control type="image" id="226">
                <width>120</width>
                <height>120</height>
                <centertop>50%</centertop>
                <centerleft>50%</centerleft>
                <texture>common/umb1.png</texture>
                <animation effect="fade" start="0" end="70" time="0" tween="sine" easing="in">WindowOpen</animation>
                <visible>Integer.IsGreaterOrEqual(Window().Property(percent),25)</visible>
            </control>
            <control type="image" id="227">
                <width>120</width>
                <height>120</height>
                <centertop>50%</centertop>
                <centerleft>50%</centerleft>
                <texture>common/umb2.png</texture>
                <animation effect="fade" start="0" end="70" time="0" tween="sine" easing="in">WindowOpen</animation>
                <visible>Integer.IsGreaterOrEqual(Window().Property(percent),26)</visible>
            </control>
            <control type="image" id="228">
                <width>120</width>
                <height>120</height>
                <centertop>50%</centertop>
                <centerleft>50%</centerleft>
                <texture>common/umb3.png</texture>
                <animation effect="fade" start="0" end="70" time="0" tween="sine" easing="in">WindowOpen</animation>
                <visible>Integer.IsGreaterOrEqual(Window().Property(percent),27)</visible>
            </control>
            <control type="image" id="229">
                <width>120</width>
                <height>120</height>
                <centertop>50%</centertop>
                <centerleft>50%</centerleft>
                <texture>common/umb4.png</texture>
                <animation effect="fade" start="0" end="70" time="0" tween="sine" easing="in">WindowOpen</animation>
                <visible>Integer.IsGreaterOrEqual(Window().Property(percent),28)</visible>
            </control>
            <control type="image" id="230">
                <width>120</width>
                <height>120</height>
                <centertop>50%</centertop>
                <centerleft>50%</centerleft>
                <texture>common/umb6.png</texture>
                <animation effect="fade" start="0" end="70" time="0" tween="sine" easing="in">WindowOpen</animation>
                <visible>Integer.IsGreaterOrEqual(Window().Property(percent),29)</visible>
            </control>
            <control type="image" id="231">
                <width>120</width>
                <height>120</height>
                <centertop>50%</centertop>
                <centerleft>50%</centerleft>
                <texture>common/umb7.png</texture>
                <animation effect="fade" start="0" end="70" time="0" tween="sine" easing="in">WindowOpen</animation>
                <visible>Integer.IsGreaterOrEqual(Window().Property(percent),30)</visible>
            </control>
            <control type="image" id="232">
                <width>120</width>
                <height>120</height>
                <centertop>50%</centertop>
                <centerleft>50%</centerleft>
                <texture>common/umb8.png</texture>
                <animation effect="fade" start="0" end="70" time="0" tween="sine" easing="in">WindowOpen</animation>
                <visible>Integer.IsGreaterOrEqual(Window().Property(percent),31)</visible>
            </control>
            <control type="image" id="233">
                <width>120</width>
                <height>120</height>
                <centertop>50%</centertop>
                <centerleft>50%</centerleft>
                <texture>common/umb8p.png</texture>
                <animation effect="fade" start="0" end="70" time="0" tween="sine" easing="in">WindowOpen</animation>
                <visible>Integer.IsEqual(Window().Property(percent),0)</visible>
            </control>
            <control type="progress" id="5000">
                <description>My progress control from hell</description>
                <left>0</left>
                <bottom>0</bottom>
                <width>100</width>
                <height>100</height>
                <visible>false</visible>
                <reveal>false</reveal>
                <texturebg colordiffuse="red">common/grayumbrella.png</texturebg>
                <info></info>
            </control>
        </control>
    </controls>
</window>
