<addon id="plugin.video.umbrella" name="Umbrella" provider-name="Umbrella" version="6.5.959">
	<requires>
		<import addon="xbmc.python" version="3.0.0" />
		<import addon="context.umbrella" version="1.2.7" />
		<import addon="script.module.cocoscrapers" version="1.0.5" />
		<import addon="script.module.requests" />
		<import addon="script.module.beautifulsoup4" />
		<import addon="script.module.metahandler" version="5.0.0" optional="true" />
		<import addon="plugin.video.youtube" optional="true" />
	</requires>
	<extension point="xbmc.python.pluginsource" library="umbrella.py">
		<provides>video</provides>
	</extension>
	<extension point="xbmc.service" library="service.py" start="startup" />
	<extension point="xbmc.python.module" library="resources/lib/" />
	<extension point="xbmc.addon.metadata">
		<reuselanguageinvoker>false</reuselanguageinvoker>
		<summary lang="en">[B]Umbrella[/B] - We do not host any of the contents streamed</summary>
		<description lang="en">[B]Umbrella[/B][CR] This addon does not form part of the Kodi Media Centre. Please do not seek assistance with this addon from any of the Official Kodi Support Channels.[CR]The author does not host any of the content in this addon and takes no responsibility for content found. We do not know anything about a lab under Raccoon City.</description>
		<platform>all</platform>
		<license>GNU GENERAL PUBLIC LICENSE. Version 3, 29 June 2007</license>
		<forum />
		<website>https://umbrellaplug.github.io</website>
		<source>https://raw.githubusercontent.com/umbrellaplug/umbrellaplug.github.io/</source>
		<disclaimer lang="en">The author of this addon does not host any of the content which is found and have no affiliation with any of the content providers. This addon simply searches websites for content. Use at your own risk!</disclaimer>
		<assets>
			<icon>icon.png</icon>
			<fanart>fanart.jpg</fanart>
			<screenshot>resources/screenshots/screenshot001.jpg</screenshot>
			<screenshot>resources/screenshots/screenshot002.jpg</screenshot>
			<screenshot>resources/screenshots/screenshot003.jpg</screenshot>
		</assets>
		<news>
[B][COLOR black]Update - v6.5.959 - Dec 8th, 2022[/COLOR][/B]
--[ENHANCEMENT][I] 17 to 35 color selections! "Buddy the Elf, What's your favorite color?"[I]
--[FIX][I] Added enable/ disable for EasyNews.[I]
--[FIX][I] Changed logging when set to kodi log to use higher level so debug logs show without enabling Kodi debug.[I]
--[FIX][I] Even more logging added to trace red-coat crashes.[I]
--[ENHANCEMENT][I] Playnext changed to allow for percentage or time. subtitles coming (wtf), explanations later.[I]
--[ENHANCEMENT][I] Playnext changed to allow themes to be used without skins. It's currently broken af so leave that on default unless you're using that skin.[I]
--[ENHANCEMENT][I] Added color options for providers in source selection. More work to be done there. Uncached Needs a lot.[I]
--[ENHANCEMENT][I] Adjusted Quality Icons[I]
--[ENHANCEMENT][I] Added plain icons to go with colors for quality on sources, can be turned off in settings.[I]
--[ENHANCEMENT][I] Changed source selection to use artwork for background.[I]
--[ENHANCEMENT][I] Added developer option to use player instead of resolver.[I]
		</news>
	</extension>
</addon>